"id","date","holiday_name","information","more_information","tenant_id","created_at","updated_at","deleted_at","creator_id"
"002a73c9-aa6c-436c-9f96-8fd883ea3e35","2021-06-14 00:00:00","Queen's Birthday","Celebrated on second Monday in June except in Western Australia and Queensland.","https://www.cmtedd.act.gov.au/communication/holidays","TENANT-20260116-0001","2026-03-10 07:00:36.66","2026-03-10 07:00:36.66",NULL,"a418793f-5816-415d-97f8-d0e564016aa5"
"00dc6956-8e88-4c5a-89c4-ddeb16c6bf62","2026-06-02 00:00:00","Reconciliation Day","","https://www.act.gov.au/living-in-the-act/public-holidays-school-terms-and-daylight-savings","TENANT-20260116-0001","2026-03-10 07:00:36.66","2026-03-10 07:00:36.66",NULL,"a418793f-5816-415d-97f8-d0e564016aa5"
"02e37c8c-7ccd-4ef0-bff2-b51424a6a695","2026-04-17 00:00:00","hdfhdfh","dfhdfh",NULL,"TENANT-20260116-0001","2026-04-08 10:10:33.338","2026-04-08 10:10:33.338",NULL,"66556575-dda4-4843-a5ba-aac44284dc69"
"05d6ad58-b4c8-439c-9610-c0fe1640aa23","2022-05-02 00:00:00","Labour Day","Always on a Monday, creating a long weekend. It celebrates the eight-hour working day, a victory for workers in the mid-late 19th century.","https://www.qld.gov.au/recreation/travel/holidays/public","TENANT-20260116-0001","2026-03-10 07:00:36.66","2026-03-10 07:00:36.66",NULL,"a418793f-5816-415d-97f8-d0e564016aa5"
"0a17f71e-ecfd-4048-bcc9-880edfe5fb58","2022-01-03 00:00:00","New Year's Day (additional day)","As 1 January 2022 falls on a Saturday in 2022, the following Monday is observed as an additional public holiday.","https://www.cmtedd.act.gov.au/communication/holidays","TENANT-20260116-0001","2026-03-10 07:00:36.66","2026-03-10 07:00:36.66",NULL,"a418793f-5816-415d-97f8-d0e564016aa5"
"0a2ce142-898a-4175-a0e0-8a9bd2257aa8","2022-03-14 00:00:00","Labour Day","Always on a Monday, creating a long weekend. It celebrates the eight-hour working day, a victory for workers in the mid-late 19th century.","https://www.business.vic.gov.au/victorian-public-holidays-and-daylight-saving/victorian-public-holidays-2022","TENANT-20260116-0001","2026-03-10 07:00:36.66","2026-03-10 07:00:36.66",NULL,"a418793f-5816-415d-97f8-d0e564016aa5"
"0a34d538-3fa8-4ba9-b9c8-a9ddefbb7433","2024-03-11 00:00:00","Eight Hours Day","Always on a Monday, creating a long weekend. It celebrates the eight-hour working day, a victory for workers in the mid-late 19th century.","https://worksafe.tas.gov.au/topics/laws-and-compliance/public-holidays","TENANT-20260116-0001","2026-03-10 07:00:36.66","2026-03-10 07:00:36.66",NULL,"a418793f-5816-415d-97f8-d0e564016aa5"
"0ab4615d-65bb-4faf-9dd3-dbb33e4f2cd8","2022-06-06 00:00:00","Western Australia Day","Held on the first Monday in June each year and is a state holiday only.","https://www.commerce.wa.gov.au/labour-relations/public-holidays-western-australia","TENANT-20260116-0001","2026-03-10 07:00:36.66","2026-03-10 07:00:36.66",NULL,"a418793f-5816-415d-97f8-d0e564016aa5"
"0df33b59-0837-4ec2-b1e4-866b8173fba0","2023-05-01 00:00:00","May Day","Always on a Monday, creating a long weekend. It celebrates the eight-hour working day, a victory for workers in the mid-late 19th century.","https://nt.gov.au/nt-public-holidays","TENANT-20260116-0001","2026-03-10 07:00:36.66","2026-03-10 07:00:36.66",NULL,"a418793f-5816-415d-97f8-d0e564016aa5"
"0f7cfdec-65e2-49bc-aea2-1e73d30ef225","2023-06-12 00:00:00","Kingâ€™s Birthday","Celebrated on second Monday in June except in Western Australia and Queensland.","https://www.safework.sa.gov.au/resources/public-holidays","TENANT-20260116-0001","2026-03-10 07:00:36.66","2026-03-10 07:00:36.66",NULL,"a418793f-5816-415d-97f8-d0e564016aa5"
"0f8c12d7-81ae-4e70-9a5c-e8f6c29264e1","2023-01-02 00:00:00","New Year's Day (observed)","As 1 January 2023 falls on a Sunday in 2023, the following Monday is observed as an additional public holiday.","https://www.cmtedd.act.gov.au/communication/holidays","TENANT-20260116-0001","2026-03-10 07:00:36.66","2026-03-10 07:00:36.66",NULL,"a418793f-5816-415d-97f8-d0e564016aa5"
"0fc8d8d1-f51b-43df-b35d-6db33f5419db","2026-04-19 00:00:00","The day after Good Friday","","https://www.qld.gov.au/recreation/travel/holidays/public","TENANT-20260116-0001","2026-03-10 07:00:36.66","2026-03-10 07:00:36.66",NULL,"a418793f-5816-415d-97f8-d0e564016aa5"
"1029fe85-3580-422c-96d3-eb99fedad528","2026-07-11 00:00:00","Tennant Creek Show Day","Regional holiday - to find out which show day applies to your area, check the map of NT show day regions.","https://www.nt.gov.au/nt-public-holidays","TENANT-20260116-0001","2026-03-10 07:00:36.66","2026-03-10 07:00:36.66",NULL,"a418793f-5816-415d-97f8-d0e564016aa5"
"11771e29-6d16-4006-824d-6ef258161a1e","2024-12-26 00:00:00","Boxing Day","Boxing Day occurs the day after Christmas. Sydney-to-Hobart yacht race and Boxing Day Test Match (Cricket) start on this day.","https://www.cmtedd.act.gov.au/communication/holidays","TENANT-20260116-0001","2026-03-10 07:00:36.66","2026-03-10 07:00:36.66",NULL,"a418793f-5816-415d-97f8-d0e564016aa5"
"13fd1005-d791-49fb-8ce8-d32f2806a90d","2023-04-09 00:00:00","Easter Sunday","Public Holiday as part of Easter.","https://www.cmtedd.act.gov.au/communication/holidays","TENANT-20260116-0001","2026-03-10 07:00:36.66","2026-03-10 07:00:36.66",NULL,"a418793f-5816-415d-97f8-d0e564016aa5"
"16112bac-e74c-4fb2-a0aa-6dbb9bb40b49","2022-12-31 00:00:00","New Year's Eve 7pm - midnight","Part-day public holiday from 7pm-12 midnight","https://nt.gov.au/nt-public-holidays","TENANT-20260116-0001","2026-03-10 07:00:36.66","2026-03-10 07:00:36.66",NULL,"a418793f-5816-415d-97f8-d0e564016aa5"
"1661d331-3a64-440c-a34d-29ea3cd2c0fe","2021-12-28 00:00:00","Boxing Day / Proclamation Day (additional day)","As 26 December (Proclamation/Boxing Day) falls on a Sunday in 2021, there is an additional public holiday on the Tuesday.","https://www.safework.sa.gov.au/resources/public-holidays","TENANT-20260116-0001","2026-03-10 07:00:36.66","2026-03-10 07:00:36.66",NULL,"a418793f-5816-415d-97f8-d0e564016aa5"
"1690c28a-3d21-4b73-bd5c-b3425f6ba996","2024-12-26 00:00:00","Boxing Day / Proclamation Day","Boxing Day occurs the day after Christmas. Sydney-to-Hobart yacht race and Boxing Day Test Match (Cricket) start on this day.","https://www.safework.sa.gov.au/resources/public-holidays","TENANT-20260116-0001","2026-03-10 07:00:36.66","2026-03-10 07:00:36.66",NULL,"a418793f-5816-415d-97f8-d0e564016aa5"
"174ba67a-7cb1-4da7-931e-275f05caf66a","2026-06-02 00:00:00","Western Australia Day","","https://www.commerce.wa.gov.au/labour-relations/public-holidays-western-australia","TENANT-20260116-0001","2026-03-10 07:00:36.66","2026-03-10 07:00:36.66",NULL,"a418793f-5816-415d-97f8-d0e564016aa5"
"1902e24d-4069-418c-a125-d55715d34c09","2024-09-27 00:00:00","Friday before the AFL Grand Final","Friday before the AFL Grand Final - Subject to AFL schedule","https://business.vic.gov.au/business-information/public-holidays","TENANT-20260116-0001","2026-03-10 07:00:36.66","2026-03-10 07:00:36.66",NULL,"a418793f-5816-415d-97f8-d0e564016aa5"
"19f92a56-a154-45fb-b818-fb1ec95d5e59","2022-01-26 00:00:00","Australia Day","Always celebrated on 26 January","https://www.cmtedd.act.gov.au/communication/holidays","TENANT-20260116-0001","2026-03-10 07:00:36.66","2026-03-10 07:00:36.66",NULL,"a418793f-5816-415d-97f8-d0e564016aa5"
"1a6704e4-0155-4b2a-80dd-ed3cf34ecc12","2023-01-01 00:00:00","New Year's Day","New Year's Day is the first day of the calendar year and is celebrated each January 1st","https://www.cmtedd.act.gov.au/communication/holidays","TENANT-20260116-0001","2026-03-10 07:00:36.66","2026-03-10 07:00:36.66",NULL,"a418793f-5816-415d-97f8-d0e564016aa5"
"1c2772fa-f039-4b8a-ad62-382e3beb102e","2022-04-17 00:00:00","Easter Sunday","Public Holiday as part of Easter.","https://www.cmtedd.act.gov.au/communication/holidays","TENANT-20260116-0001","2026-03-10 07:00:36.66","2026-03-10 07:00:36.66",NULL,"a418793f-5816-415d-97f8-d0e564016aa5"
"1d89479e-ee9e-4eb9-a6a7-a031417c8e88","2023-05-29 00:00:00","Reconciliation Day","Takes place on the first Monday on or after 27 May each year the anniversary of the 1967 referendum","https://www.cmtedd.act.gov.au/communication/holidays","TENANT-20260116-0001","2026-03-10 07:00:36.66","2026-03-10 07:00:36.66",NULL,"a418793f-5816-415d-97f8-d0e564016aa5"
"1e34c33a-c7ce-4700-8191-704b39376a5b","2024-05-27 00:00:00","Reconciliation Day","Takes place on the first Monday on or after 27 May each year the anniversary of the 1967 referendum","https://www.cmtedd.act.gov.au/communication/holidays","TENANT-20260116-0001","2026-03-10 07:00:36.66","2026-03-10 07:00:36.66",NULL,"a418793f-5816-415d-97f8-d0e564016aa5"
"1ffe546a-6931-411b-be88-2148ff852788","2021-06-07 00:00:00","Western Australia Day","Held on the first Monday in June each year and is a state holiday only.","https://www.commerce.wa.gov.au/labour-relations/public-holidays-western-australia","TENANT-20260116-0001","2026-03-10 07:00:36.66","2026-03-10 07:00:36.66",NULL,"a418793f-5816-415d-97f8-d0e564016aa5"
"2197779f-99d4-4ae7-aa8a-85fe573540cd","2022-04-16 00:00:00","The day after Good Friday","Easter Saturday is between Good Friday and Easter Sunday in Australia.","https://www.qld.gov.au/recreation/travel/holidays/public","TENANT-20260116-0001","2026-03-10 07:00:36.66","2026-03-10 07:00:36.66",NULL,"a418793f-5816-415d-97f8-d0e564016aa5"
"225ea5d6-527d-41b0-b2ce-e3cf53a34dfe","2021-08-02 00:00:00","Picnic Day","Observed on the first Monday of August each year and is clebrated with a horse race, railway picnic and other social outings","https://nt.gov.au/nt-public-holidays","TENANT-20260116-0001","2026-03-10 07:00:36.66","2026-03-10 07:00:36.66",NULL,"a418793f-5816-415d-97f8-d0e564016aa5"
"236f2886-cf90-43cb-b48a-9cf8eaee6bde","2021-09-24 00:00:00","Friday before AFL Grand Final","Friday before the AFL Grand Final","https://www.business.vic.gov.au/victorian-public-holidays-and-daylight-saving/victorian-public-holidays-2021","TENANT-20260116-0001","2026-03-10 07:00:36.66","2026-03-10 07:00:36.66",NULL,"a418793f-5816-415d-97f8-d0e564016aa5"
"2380ba46-72f7-4af7-bf0f-407b8844518b","2021-04-03 00:00:00","Saturday before Easter Sunday","Easter Saturday is between Good Friday and Easter Sunday in Australia.","https://www.business.vic.gov.au/victorian-public-holidays-and-daylight-saving/victorian-public-holidays-2021","TENANT-20260116-0001","2026-03-10 07:00:36.66","2026-03-10 07:00:36.66",NULL,"a418793f-5816-415d-97f8-d0e564016aa5"
"23ec4160-077b-462f-9d7b-ae8b0a77d325","2022-12-31 00:00:00","New Year's Eve 7pm  - midnight","Part-day public holiday from 7pm-12 midnight","https://www.safework.sa.gov.au/resources/public-holidays","TENANT-20260116-0001","2026-03-10 07:00:36.66","2026-03-10 07:00:36.66",NULL,"a418793f-5816-415d-97f8-d0e564016aa5"
"259d606d-510e-4e72-bc62-89ef0f433cbf","2022-01-01 00:00:00","New Year's Day","New Year's Day is the first day of the calendar year and is celebrated each January 1st","https://www.cmtedd.act.gov.au/communication/holidays","TENANT-20260116-0001","2026-03-10 07:00:36.66","2026-03-10 07:00:36.66",NULL,"a418793f-5816-415d-97f8-d0e564016aa5"
"25b21554-38de-4d30-8e20-d20bf72c45d8","2021-04-26 00:00:00","Anzac Day","Celebrated on the 25 April each year.","https://www.cmtedd.act.gov.au/communication/holidays","TENANT-20260116-0001","2026-03-10 07:00:36.66","2026-03-10 07:00:36.66",NULL,"a418793f-5816-415d-97f8-d0e564016aa5"
"27a9aaf3-0122-442e-851e-781648980e91","2022-10-03 00:00:00","Queen's Birthday","Celebrated on second Monday in June except in Western Australia and Queensland.","https://www.qld.gov.au/recreation/travel/holidays/public","TENANT-20260116-0001","2026-03-10 07:00:36.66","2026-03-10 07:00:36.66",NULL,"a418793f-5816-415d-97f8-d0e564016aa5"
"282b6941-f540-47a0-8e6f-ea5bf6200e28","2026-03-10 00:00:00","Labour Day","Observed across the org","Offices closed","TENANT-20260116-0001","2026-03-10 07:00:36.66","2026-03-18 09:40:48.601",NULL,"a418793f-5816-415d-97f8-d0e564016aa5"
"2c6371ca-ef88-47f6-ad14-1fdda5f727e0","2026-03-18 00:00:00","Founders Day","Observed across the org","Offices closed","TENANT-20260116-0001","2026-03-11 11:30:29.694","2026-03-11 11:30:29.694",NULL,"66556575-dda4-4843-a5ba-aac44284dc69"
"2e0dfd00-d55f-40d9-b2ca-2953b62c7f1e","2024-01-26 00:00:00","Australia Day","Always celebrated on 26 January","https://www.cmtedd.act.gov.au/communication/holidays","TENANT-20260116-0001","2026-03-10 07:00:36.66","2026-03-10 07:00:36.66",NULL,"a418793f-5816-415d-97f8-d0e564016aa5"
"2e3b34f7-61c7-4d70-89fb-48cc19a73ab7","2026-03-18 00:00:00","Founders 3","Observed across the org","Offices closed","TENANT-20260116-0001","2026-03-18 10:02:35.623","2026-03-18 10:02:35.623",NULL,"66556575-dda4-4843-a5ba-aac44284dc69"
"2e3ec1ce-ffd3-4e7b-93a2-a8a957e692cf","2024-04-02 00:00:00","Easter Tuesday","Public Holiday currently observed by certain awards/agreements and the State Public Service","https://worksafe.tas.gov.au/topics/laws-and-compliance/public-holidays","TENANT-20260116-0001","2026-03-10 07:00:36.66","2026-03-10 07:00:36.66",NULL,"a418793f-5816-415d-97f8-d0e564016aa5"
"2e99b051-481c-400e-a1eb-3dce46efb808","2026-04-04 00:00:00","Founders Day12ergerg","Observed across the org","Offices closed","TENANT-20260116-0001","2026-03-18 08:51:25.763","2026-03-18 08:51:25.763",NULL,"66556575-dda4-4843-a5ba-aac44284dc69"
"2f8f64c7-6ead-4e90-9cda-71c94f6372ee","2023-10-02 00:00:00","Kingâ€™s Birthday","Celebrated on second Monday in June except in Western Australia and Queensland.","https://www.qld.gov.au/recreation/travel/holidays/public","TENANT-20260116-0001","2026-03-10 07:00:36.66","2026-03-10 07:00:36.66",NULL,"a418793f-5816-415d-97f8-d0e564016aa5"
"30547a65-fbfc-45bd-9322-c3a55df5b2c4","2026-04-20 00:00:00","Easter Sunday","","https://www.act.gov.au/living-in-the-act/public-holidays-school-terms-and-daylight-savings","TENANT-20260116-0001","2026-03-10 07:00:36.66","2026-03-10 07:00:36.66",NULL,"a418793f-5816-415d-97f8-d0e564016aa5"
"3baaa232-5c01-4a2d-aea1-cd4f9bc217ff","2026-03-03 00:00:00","Labour Day","","https://www.commerce.wa.gov.au/labour-relations/public-holidays-western-australia","TENANT-20260116-0001","2026-03-10 07:00:36.66","2026-03-10 07:00:36.66",NULL,"a418793f-5816-415d-97f8-d0e564016aa5"
"3dd4e609-130b-4ee0-a4cd-e45a1ab57492","2021-10-04 00:00:00","Labour Day","Always on a Monday creating a long weekend. It celebrates the eight-hour working day a victory for workers in the mid-late 19th century.","https://www.cmtedd.act.gov.au/communication/holidays","TENANT-20260116-0001","2026-03-10 07:00:36.66","2026-03-10 07:00:36.66",NULL,"a418793f-5816-415d-97f8-d0e564016aa5"
"3f397822-1a9e-42cc-93c3-388507eacfde","2024-12-25 00:00:00","Christmas Day","Christmas Day is an annual holiday which celebrates the birth of Jesus Christ over 2000 years ago.","https://www.cmtedd.act.gov.au/communication/holidays","TENANT-20260116-0001","2026-03-10 07:00:36.66","2026-03-10 07:00:36.66",NULL,"a418793f-5816-415d-97f8-d0e564016aa5"
"40e38dc1-dfe9-4fd4-9509-dbacbe801ff3","2024-09-23 00:00:00","King's Birthday","Celebrated on second Monday in June except in Western Australia and Queensland.","https://www.commerce.wa.gov.au/labour-relations/public-holidays-western-australia","TENANT-20260116-0001","2026-03-10 07:00:36.66","2026-03-10 07:00:36.66",NULL,"a418793f-5816-415d-97f8-d0e564016aa5"
"41295970-3593-4826-b681-f8b87dd2f5ed","2021-03-08 00:00:00","Adelaide Cup Day","The Holidays Act 1910 provides for the third Monday in May to be a public holiday. ch through the issuing of a special Proclamation by the Governor.","https://www.safework.sa.gov.au/resources/public-holidays","TENANT-20260116-0001","2026-03-10 07:00:36.66","2026-03-10 07:00:36.66",NULL,"a418793f-5816-415d-97f8-d0e564016aa5"
"4151a7ab-2822-492e-8105-6098c239e916","2024-03-30 00:00:00","Easter Saturday","Easter Saturday is between Good Friday and Easter Sunday in Australia.","https://www.nsw.gov.au/about-nsw/public-holidays","TENANT-20260116-0001","2026-03-10 07:00:36.66","2026-03-10 07:00:36.66",NULL,"a418793f-5816-415d-97f8-d0e564016aa5"
"4272bb82-0dd1-49e8-a030-61027aab5ad7","2026-03-16 18:30:00","cheti chand","mera chand cheti chand",NULL,"TENANT-20260116-0001","2026-03-16 12:06:08.7","2026-03-16 12:06:08.7",NULL,"66556575-dda4-4843-a5ba-aac44284dc69"
"43c31c59-441f-480e-b2fb-1eb69b3bd5f2","2026-05-05 00:00:00","May Day","","https://www.nt.gov.au/nt-public-holidays","TENANT-20260116-0001","2026-03-10 07:00:36.66","2026-03-10 07:00:36.66",NULL,"a418793f-5816-415d-97f8-d0e564016aa5"
"464af27e-b8eb-497e-bc3e-c1e8226c790b","2021-10-04 00:00:00","Queen's Birthday","Celebrated on second Monday in June except in Western Australia and Queensland.","https://www.qld.gov.au/recreation/travel/holidays/public","TENANT-20260116-0001","2026-03-10 07:00:36.66","2026-03-10 07:00:36.66",NULL,"a418793f-5816-415d-97f8-d0e564016aa5"
"47231e4a-8a55-42d7-9df0-5cb582a0a066","2023-04-11 00:00:00","Easter Tuesday","Public Holiday currently observed by certain awards/agreements and the State Public Service","https://worksafe.tas.gov.au/topics/laws-and-compliance/public-holidays","TENANT-20260116-0001","2026-03-10 07:00:36.66","2026-03-10 07:00:36.66",NULL,"a418793f-5816-415d-97f8-d0e564016aa5"
"4837a13b-96ea-4a84-be81-0ee30e4114a9","2026-04-25 00:00:00","ANZAC Day","","https://www.act.gov.au/living-in-the-act/public-holidays-school-terms-and-daylight-savings","TENANT-20260116-0001","2026-03-10 07:00:36.66","2026-03-10 07:00:36.66",NULL,"a418793f-5816-415d-97f8-d0e564016aa5"
"4941b3e5-a68b-43d5-bada-0524b03b0bdb","2021-09-27 00:00:00","Queen's Birthday","Celebrated on second Monday in June except in Western Australia and Queensland.","https://www.commerce.wa.gov.au/labour-relations/public-holidays-western-australia","TENANT-20260116-0001","2026-03-10 07:00:36.66","2026-03-10 07:00:36.66",NULL,"a418793f-5816-415d-97f8-d0e564016aa5"
"49e751b4-21d8-4513-97a6-ef94d3c7da37","2022-04-16 00:00:00","Saturday before Easter Sunday","Easter Saturday is between Good Friday and Easter Sunday in Australia.","https://www.business.vic.gov.au/victorian-public-holidays-and-daylight-saving/victorian-public-holidays-2022","TENANT-20260116-0001","2026-03-10 07:00:36.66","2026-03-10 07:00:36.66",NULL,"a418793f-5816-415d-97f8-d0e564016aa5"
"4b63d1e3-89dd-44c9-a81b-af88daad46de","2023-12-24 00:00:00","Christmas Eve","Part-day holiday 7pm to midnight","https://nt.gov.au/nt-public-holidays","TENANT-20260116-0001","2026-03-10 07:00:36.66","2026-03-10 07:00:36.66",NULL,"a418793f-5816-415d-97f8-d0e564016aa5"
"4c29f224-a5e3-45f7-9a56-84e465f94391","2022-12-26 00:00:00","Boxing Day / Proclamation Day","Proclamation/Boxing Day occurs the day after Christmas. Sydney-to-Hobart yacht race and Boxing Day Test Match (Cricket) start on this day.","https://www.safework.sa.gov.au/resources/public-holidays","TENANT-20260116-0001","2026-03-10 07:00:36.66","2026-03-10 07:00:36.66",NULL,"a418793f-5816-415d-97f8-d0e564016aa5"
"4e2ef231-3f1f-48c7-883c-c361eb5932d3","2024-06-10 00:00:00","King's Birthday","Celebrated on second Monday in June except in Western Australia and Queensland.","https://www.nsw.gov.au/about-nsw/public-holidays","TENANT-20260116-0001","2026-03-10 07:00:36.66","2026-03-10 07:00:36.66",NULL,"a418793f-5816-415d-97f8-d0e564016aa5"
"4edd4851-6e9f-412b-8f22-d6887162fc35","2022-04-15 00:00:00","Good Friday","Easter is celebrated with Good Friday and Easter Monday creating a 4 day long weekend.","https://www.cmtedd.act.gov.au/communication/holidays","TENANT-20260116-0001","2026-03-10 07:00:36.66","2026-03-10 07:00:36.66",NULL,"a418793f-5816-415d-97f8-d0e564016aa5"
"4f956009-8e32-4890-9784-ad2dfc9b78eb","2022-05-30 00:00:00","Reconciliation Day","Takes place on the first Monday on or after 27 May each year the anniversary of the 1967 referendum","https://www.cmtedd.act.gov.au/communication/holidays","TENANT-20260116-0001","2026-03-10 07:00:36.66","2026-03-10 07:00:36.66",NULL,"a418793f-5816-415d-97f8-d0e564016aa5"
"52d9a198-45b0-49db-bde2-0f395c98af96","2021-03-07 18:30:00","Eight Hours Day","Always on a wEDNESDAY",NULL,"TENANT-20260116-0001","2026-03-16 12:55:44.633","2026-03-16 13:03:56.937",NULL,"66556575-dda4-4843-a5ba-aac44284dc69"
"572536b5-c95a-43cf-8f31-66bb8bfecbed","2026-12-26 00:00:00","Boxing Day","","https://www.act.gov.au/living-in-the-act/public-holidays-school-terms-and-daylight-savings","TENANT-20260116-0001","2026-03-10 07:00:36.66","2026-03-10 07:00:36.66",NULL,"a418793f-5816-415d-97f8-d0e564016aa5"
"58722a7a-b2a0-4d11-bba2-ae559911ed59","2021-04-02 00:00:00","Good Friday","Easter is celebrated with Good Friday and Easter Monday creating a 4 day long weekend.","https://www.cmtedd.act.gov.au/communication/holidays","TENANT-20260116-0001","2026-03-10 07:00:36.66","2026-03-10 07:00:36.66",NULL,"a418793f-5816-415d-97f8-d0e564016aa5"
"5904aa49-3bc4-439c-bec5-62d6468b4957","2026-04-18 00:00:00","Good Friday","","https://www.act.gov.au/living-in-the-act/public-holidays-school-terms-and-daylight-savings","TENANT-20260116-0001","2026-03-10 07:00:36.66","2026-03-10 07:00:36.66",NULL,"a418793f-5816-415d-97f8-d0e564016aa5"
"593c0794-f5ae-4c6a-9b06-d825689bef63","2023-01-26 00:00:00","Australia Day","Always celebrated on 26 January","https://www.cmtedd.act.gov.au/communication/holidays","TENANT-20260116-0001","2026-03-10 07:00:36.66","2026-03-10 07:00:36.66",NULL,"a418793f-5816-415d-97f8-d0e564016aa5"
"59a58a7d-0f37-4cca-b693-20a273fc26f2","2026-12-25 00:00:00","Christmas Day","","https://www.act.gov.au/living-in-the-act/public-holidays-school-terms-and-daylight-savings","TENANT-20260116-0001","2026-03-10 07:00:36.66","2026-03-10 07:00:36.66",NULL,"a418793f-5816-415d-97f8-d0e564016aa5"
"5b10fb28-f3b5-497b-a3e2-14118b1d01e8","2024-03-04 00:00:00","Labour Day","Always on a Monday, creating a long weekend. It celebrates the eight-hour working day, a victory for workers in the mid-late 19th century.","https://www.commerce.wa.gov.au/labour-relations/public-holidays-western-australia","TENANT-20260116-0001","2026-03-10 07:00:36.66","2026-03-10 07:00:36.66",NULL,"a418793f-5816-415d-97f8-d0e564016aa5"
"5bdfaf34-a669-4e75-8099-f59943e1eda8","2026-03-17 00:00:00","Founders Day","Observed across the org","Offices closed","TENANT-20260116-0001","2026-03-10 06:52:31.816","2026-03-10 06:52:31.816",NULL,"66556575-dda4-4843-a5ba-aac44284dc69"
"5efb43ee-615e-4adc-9e4d-4efddc982005","2026-08-04 00:00:00","Picnic Day","","https://www.nt.gov.au/nt-public-holidays","TENANT-20260116-0001","2026-03-10 07:00:36.66","2026-03-10 07:00:36.66",NULL,"a418793f-5816-415d-97f8-d0e564016aa5"
"5f187292-113d-4b63-807b-3efd89def04a","2021-04-26 00:00:00","Anzac Day (additional day)","Celebrated on the 25 April each year.","https://www.safework.sa.gov.au/resources/public-holidays","TENANT-20260116-0001","2026-03-10 07:00:36.66","2026-03-10 07:00:36.66",NULL,"a418793f-5816-415d-97f8-d0e564016aa5"
"5f5e0563-aab8-41ab-a9d6-867c8e1ab6e8","2026-01-27 00:00:00","Australia Day","","https://www.act.gov.au/living-in-the-act/public-holidays-school-terms-and-daylight-savings","TENANT-20260116-0001","2026-03-10 07:00:36.66","2026-03-10 07:00:36.66",NULL,"a418793f-5816-415d-97f8-d0e564016aa5"
"62c15470-d37a-4bd5-ab4e-2930e3c4e114","2023-06-12 00:00:00","Sovereign's Birthday","Celebrated on second Monday in June except in Western Australia and Queensland.","https://www.cmtedd.act.gov.au/communication/holidays","TENANT-20260116-0001","2026-03-10 07:00:36.66","2026-03-10 07:00:36.66",NULL,"a418793f-5816-415d-97f8-d0e564016aa5"
"63a89030-8fb8-463d-9f93-81d6c878351f","2022-12-24 00:00:00","Christmas Eve 7pm - midnight","Part-day public holiday from 7pm-12 midnight","https://nt.gov.au/nt-public-holidays","TENANT-20260116-0001","2026-03-10 07:00:36.66","2026-03-10 07:00:36.66",NULL,"a418793f-5816-415d-97f8-d0e564016aa5"
"64d8ba5b-46d0-4d14-808f-25468962881e","2023-08-07 00:00:00","Picnic Day","Observed on the first Monday of August each year and is clebrated with a horse race, railway picnic and other social outings","https://nt.gov.au/nt-public-holidays","TENANT-20260116-0001","2026-03-10 07:00:36.66","2026-03-10 07:00:36.66",NULL,"a418793f-5816-415d-97f8-d0e564016aa5"
"653494b5-ddde-4879-83ed-a911ec4623af","2026-04-04 00:00:00","Founders Day12","Observed across the org","Offices closed","TENANT-20260116-0001","2026-03-18 08:45:58.7","2026-03-18 08:45:58.7",NULL,"66556575-dda4-4843-a5ba-aac44284dc69"
"663ba9c4-ca8e-4b3b-bd0f-2e62e6dedf1b","2024-01-01 00:00:00","New Year's Day","New Year's Day is the first day of the calendar year and is celebrated each January 1st","https://www.cmtedd.act.gov.au/communication/holidays","TENANT-20260116-0001","2026-03-10 07:00:36.66","2026-03-10 07:00:36.66",NULL,"a418793f-5816-415d-97f8-d0e564016aa5"
"66d3b29f-d7e5-4462-8b21-d7c3c6c09b14","2022-04-25 00:00:00","Anzac Day","Celebrated on the 25 April each year.","https://www.cmtedd.act.gov.au/communication/holidays","TENANT-20260116-0001","2026-03-10 07:00:36.66","2026-03-10 07:00:36.66",NULL,"a418793f-5816-415d-97f8-d0e564016aa5"
"67b3cf4f-f489-4318-bd68-e2e794b4549b","2026-04-21 00:00:00","Easter Monday","","https://www.act.gov.au/living-in-the-act/public-holidays-school-terms-and-daylight-savings","TENANT-20260116-0001","2026-03-10 07:00:36.66","2026-03-10 07:00:36.66",NULL,"a418793f-5816-415d-97f8-d0e564016aa5"
"69fdca36-7a62-4e4f-98d4-d4854989e589","2026-12-31 00:00:00","New Years Eve: 7pm to midnight","","https://www.safework.sa.gov.au/resources/public-holidays","TENANT-20260116-0001","2026-03-10 07:00:36.66","2026-03-10 07:00:36.66",NULL,"a418793f-5816-415d-97f8-d0e564016aa5"
"6d62b396-968a-42e4-8ca8-f61561fca00f","2021-12-24 00:00:00","Christmas Eve 7pm - Midnight","Part-day public holiday from 7pm-12 midnight","https://nt.gov.au/nt-public-holidays","TENANT-20260116-0001","2026-03-10 07:00:36.66","2026-03-10 07:00:36.66",NULL,"a418793f-5816-415d-97f8-d0e564016aa5"
"6d85b4ca-0431-48bf-9eee-80560e456aa4","2026-12-24 00:00:00","Christmas Eve - part day holiday","Part day holiday - from 7pm to midnight only.","https://www.nt.gov.au/nt-public-holidays","TENANT-20260116-0001","2026-03-10 07:00:36.66","2026-03-10 07:00:36.66",NULL,"a418793f-5816-415d-97f8-d0e564016aa5"
"6df7b2dc-582b-47f9-85bd-4b9de0dc907d","2022-08-01 00:00:00","Picnic Day","Observed on the first Monday of August each year and is clebrated with a horse race, railway picnic and other social outings","https://nt.gov.au/nt-public-holidays","TENANT-20260116-0001","2026-03-10 07:00:36.66","2026-03-10 07:00:36.66",NULL,"a418793f-5816-415d-97f8-d0e564016aa5"
"6ea12c47-ef3f-4e9f-b463-cb699e376cda","2026-04-19 00:00:00","Easter Saturday","","https://www.nsw.gov.au/about-nsw/public-holidays","TENANT-20260116-0001","2026-03-10 07:00:36.66","2026-03-10 07:00:36.66",NULL,"a418793f-5816-415d-97f8-d0e564016aa5"
"6f0bb1ef-8675-4707-8e68-c59e4ac46507","2022-04-16 00:00:00","Easter Saturday","Easter Saturday is between Good Friday and Easter Sunday in Australia.","https://www.cmtedd.act.gov.au/communication/holidays","TENANT-20260116-0001","2026-03-10 07:00:36.66","2026-03-10 07:00:36.66",NULL,"a418793f-5816-415d-97f8-d0e564016aa5"
"6fbc8fc9-a357-41f1-b658-dfeab5268667","2022-03-14 00:00:00","Eight Hours Day","Always on a Monday, creating a long weekend. It celebrates the eight-hour working day, a victory for workers in the mid-late 19th century.","https://worksafe.tas.gov.au/topics/laws-and-compliance/public-holidays","TENANT-20260116-0001","2026-03-10 07:00:36.66","2026-03-10 07:00:36.66",NULL,"a418793f-5816-415d-97f8-d0e564016aa5"
"710c1718-3258-41d3-9d25-52d7e0417eee","2024-03-31 00:00:00","Easter Sunday","Public Holiday as part of Easter.","https://www.cmtedd.act.gov.au/communication/holidays","TENANT-20260116-0001","2026-03-10 07:00:36.66","2026-03-10 07:00:36.66",NULL,"a418793f-5816-415d-97f8-d0e564016aa5"
"72fa0d6d-ce2b-4de9-99e8-fc1b2f148d5a","2026-04-08 00:00:00","sss","ddd",NULL,"TENANT-20260116-0001","2026-04-08 05:02:03.659","2026-04-08 05:02:03.659",NULL,"66556575-dda4-4843-a5ba-aac44284dc69"
"73116465-0e56-4a8b-86c2-cfd54603de2c","2024-10-07 00:00:00","Kingâ€™s Birthday","Celebrated on second Monday in June except in Western Australia and Queensland.","https://www.qld.gov.au/recreation/travel/holidays/public","TENANT-20260116-0001","2026-03-10 07:00:36.66","2026-03-10 07:00:36.66",NULL,"a418793f-5816-415d-97f8-d0e564016aa5"
"7336d9fe-e3e9-4673-b13f-cfe310e0ea9d","2024-08-05 00:00:00","Picnic Day","Observed on the first Monday of August each year and is clebrated with a horse race, railway picnic and other social outings","https://nt.gov.au/nt-public-holidays","TENANT-20260116-0001","2026-03-10 07:00:36.66","2026-03-10 07:00:36.66",NULL,"a418793f-5816-415d-97f8-d0e564016aa5"
"7591a44e-cb5a-4cce-a7a9-faff720c491c","2026-05-05 00:00:00","Labour Day","Labour Day public holiday is to be observed on the first Monday in May and the Birthday of the Sovereign (King's Birthday) public holiday is to be observed on the first Monday in October. These arrangements have been in place since 2016 following amendments to the Holidays Act 1983 (passed by Parliament on 13 October 2015).","https://www.qld.gov.au/recreation/travel/holidays/public","TENANT-20260116-0001","2026-03-10 07:00:36.66","2026-03-10 07:00:36.66",NULL,"a418793f-5816-415d-97f8-d0e564016aa5"
"75c5bacb-b578-4b9c-9615-ff9966571e72","2024-06-10 00:00:00","Kingâ€™s Birthday","Celebrated on second Monday in June except in Western Australia and Queensland.","https://www.safework.sa.gov.au/resources/public-holidays","TENANT-20260116-0001","2026-03-10 07:00:36.66","2026-03-10 07:00:36.66",NULL,"a418793f-5816-415d-97f8-d0e564016aa5"
"767c0084-3dc3-4220-bbb1-8264a7829b00","2026-01-01 00:00:00","New Years Day","","https://www.safework.sa.gov.au/resources/public-holidays","TENANT-20260116-0001","2026-03-10 07:00:36.66","2026-03-10 07:00:36.66",NULL,"a418793f-5816-415d-97f8-d0e564016aa5"
"78463d08-ab5e-4ea3-8887-c8d0d9e8714c","2021-12-26 00:00:00","Boxing Day / Proclamation Day","Proclamation/Boxing Day occurs the day after Christmas. Sydney-to-Hobart yacht race and Boxing Day Test Match (Cricket) start on this day.","https://www.safework.sa.gov.au/resources/public-holidays","TENANT-20260116-0001","2026-03-10 07:00:36.66","2026-03-10 07:00:36.66",NULL,"a418793f-5816-415d-97f8-d0e564016aa5"
"79770569-160e-4419-834e-0db9b92025fd","2024-11-05 00:00:00","Melbourne Cup","All of Victoria unless alternate local holiday has been arranged by non-metro council.","https://business.vic.gov.au/business-information/public-holidays","TENANT-20260116-0001","2026-03-10 07:00:36.66","2026-03-10 07:00:36.66",NULL,"a418793f-5816-415d-97f8-d0e564016aa5"
"7aa05e39-47dd-41ea-b8ee-43997adbadac","2023-12-26 00:00:00","Boxing Day","Boxing Day occurs the day after Christmas. Sydney-to-Hobart yacht race and Boxing Day Test Match (Cricket) start on this day.","https://www.cmtedd.act.gov.au/communication/holidays","TENANT-20260116-0001","2026-03-10 07:00:36.66","2026-03-10 07:00:36.66",NULL,"a418793f-5816-415d-97f8-d0e564016aa5"
"7baf7d34-77c2-475d-b18c-095a45ff5778","2021-05-31 00:00:00","Reconciliation Day","Takes place on the first Monday on or after 27 May each year the anniversary of the 1967 referendum","https://www.cmtedd.act.gov.au/communication/holidays","TENANT-20260116-0001","2026-03-10 07:00:36.66","2026-03-10 07:00:36.66",NULL,"a418793f-5816-415d-97f8-d0e564016aa5"
"7c8c0595-264d-4879-8b11-c647c7852b52","2022-03-14 00:00:00","Adelaide Cup Day","The Holidays Act 1910 provides for the third Monday in May to be a public holiday. ch through the issuing of a special Proclamation by the Governor.","https://www.safework.sa.gov.au/resources/public-holidays","TENANT-20260116-0001","2026-03-10 07:00:36.66","2026-03-10 07:00:36.66",NULL,"a418793f-5816-415d-97f8-d0e564016aa5"
"812146c3-1232-4e54-8828-c8bd8633c24d","2022-04-16 00:00:00","Easter Saturday - the Saturday following Good Friday","Easter Saturday is between Good Friday and Easter Sunday in Australia.","https://www.nsw.gov.au/about-nsw/public-holidays","TENANT-20260116-0001","2026-03-10 07:00:36.66","2026-03-10 07:00:36.66",NULL,"a418793f-5816-415d-97f8-d0e564016aa5"
"813cdb2d-0c66-4ccc-a42c-ebe5fa34c31f","2022-10-03 00:00:00","Labour Day","Always on a Monday creating a long weekend. It celebrates the eight-hour working day a victory for workers in the mid-late 19th century.","https://www.cmtedd.act.gov.au/communication/holidays","TENANT-20260116-0001","2026-03-10 07:00:36.66","2026-03-10 07:00:36.66",NULL,"a418793f-5816-415d-97f8-d0e564016aa5"
"8162348f-bf71-4354-8a16-49d7f4628295","2023-10-02 00:00:00","Labour Day","Always on a Monday creating a long weekend. It celebrates the eight-hour working day a victory for workers in the mid-late 19th century.","https://www.cmtedd.act.gov.au/communication/holidays","TENANT-20260116-0001","2026-03-10 07:00:36.66","2026-03-10 07:00:36.66",NULL,"a418793f-5816-415d-97f8-d0e564016aa5"
"82c36805-fbbc-42f2-83f6-45adbf2ba1d8","2022-11-01 00:00:00","Melbourne Cup","All of Victoria unless alternate local holiday has been arranged by non-metro council.","https://www.business.vic.gov.au/victorian-public-holidays-and-daylight-saving/victorian-public-holidays-2022","TENANT-20260116-0001","2026-03-10 07:00:36.66","2026-03-10 07:00:36.66",NULL,"a418793f-5816-415d-97f8-d0e564016aa5"
"85696099-67b4-4bac-9a99-aab53fb9a2cd","2024-12-24 00:00:00","Christmas Eve","Part-day holiday 7pm to midnight","https://nt.gov.au/nt-public-holidays","TENANT-20260116-0001","2026-03-10 07:00:36.66","2026-03-10 07:00:36.66",NULL,"a418793f-5816-415d-97f8-d0e564016aa5"
"8651a94d-effb-484e-8b82-cabc8513a8b5","2024-03-11 00:00:00","Adelaide Cup Day (subject to Proclamation)","The Holidays Act 1910 provides for the third Monday in May to be a public holiday, through the issuing of a special Proclamation by the Governor.","https://www.safework.sa.gov.au/resources/public-holidays","TENANT-20260116-0001","2026-03-10 07:00:36.66","2026-03-10 07:00:36.66",NULL,"a418793f-5816-415d-97f8-d0e564016aa5"
"8675d85a-b1c0-4966-b8ba-b0df6df922fc","2023-06-05 00:00:00","Western Australia Day","Held on the first Monday in June each year and is a state holiday only.","https://www.commerce.wa.gov.au/labour-relations/public-holidays-western-australia","TENANT-20260116-0001","2026-03-10 07:00:36.66","2026-03-10 07:00:36.66",NULL,"a418793f-5816-415d-97f8-d0e564016aa5"
"8692c614-f570-4b8a-8e37-a661649ec983","2023-03-13 00:00:00","Eight Hours Day","Always on a Monday, creating a long weekend. It celebrates the eight-hour working day, a victory for workers in the mid-late 19th century.","https://worksafe.tas.gov.au/topics/laws-and-compliance/public-holidays","TENANT-20260116-0001","2026-03-10 07:00:36.66","2026-03-10 07:00:36.66",NULL,"a418793f-5816-415d-97f8-d0e564016aa5"
"87d05f09-9552-4a82-991f-19d11f712584","2021-03-08 00:00:00","Eight Hours Day","Always on a Monday, creating a long weekend. It celebrates the eight-hour working day, a victory for workers in the mid-late 19th century.","https://worksafe.tas.gov.au/topics/laws-and-compliance/public-holidays","TENANT-20260116-0001","2026-03-10 07:00:36.66","2026-03-10 07:00:36.66",NULL,"a418793f-5816-415d-97f8-d0e564016aa5"
"88473ee6-259b-4989-9993-3b33be945dce","2024-03-29 00:00:00","Good Friday","Easter is celebrated with Good Friday and Easter Monday creating a 4 day long weekend.","https://www.cmtedd.act.gov.au/communication/holidays","TENANT-20260116-0001","2026-03-10 07:00:36.66","2026-03-10 07:00:36.66",NULL,"a418793f-5816-415d-97f8-d0e564016aa5"
"884a58c5-2064-42f0-9f47-54703f650807","2022-05-02 00:00:00","May Day","Always on a Monday, creating a long weekend. It celebrates the eight-hour working day, a victory for workers in the mid-late 19th century.","https://nt.gov.au/nt-public-holidays","TENANT-20260116-0001","2026-03-10 07:00:36.66","2026-03-10 07:00:36.66",NULL,"a418793f-5816-415d-97f8-d0e564016aa5"
"88535205-0c59-49ca-a6d5-8adca0423297","2026-06-09 00:00:00","King's Birthday","","https://www.act.gov.au/living-in-the-act/public-holidays-school-terms-and-daylight-savings","TENANT-20260116-0001","2026-03-10 07:00:36.66","2026-03-10 07:00:36.66",NULL,"a418793f-5816-415d-97f8-d0e564016aa5"
"8914000f-9d8f-474b-8d7f-ccc45af0e4c5","2023-06-12 00:00:00","King's Birthday","Celebrated on second Monday in June except in Western Australia and Queensland.","https://www.nsw.gov.au/about-nsw/public-holidays","TENANT-20260116-0001","2026-03-10 07:00:36.66","2026-03-10 07:00:36.66",NULL,"a418793f-5816-415d-97f8-d0e564016aa5"
"89bc250a-7930-4797-8737-36b21130c99f","2023-09-25 00:00:00","King's Birthday","Celebrated on second Monday in June except in Western Australia and Queensland.","https://www.commerce.wa.gov.au/labour-relations/public-holidays-western-australia","TENANT-20260116-0001","2026-03-10 07:00:36.66","2026-03-10 07:00:36.66",NULL,"a418793f-5816-415d-97f8-d0e564016aa5"
"8efdad3d-24fc-492d-89a8-626e989cd68a","2026-07-04 00:00:00","Alice Springs Show Day","Regional holiday - to find out which show day applies to your area, check the map of NT show day regions.","https://www.nt.gov.au/nt-public-holidays","TENANT-20260116-0001","2026-03-10 07:00:36.66","2026-03-10 07:00:36.66",NULL,"a418793f-5816-415d-97f8-d0e564016aa5"
"8f9017dd-f472-4acc-aba1-0a45cd6727ba","2021-12-26 00:00:00","Boxing Day","Boxing Day occurs the day after Christmas. Sydney-to-Hobart yacht race and Boxing Day Test Match (Cricket) start on this day.","https://www.cmtedd.act.gov.au/communication/holidays","TENANT-20260116-0001","2026-03-10 07:00:36.66","2026-03-10 07:00:36.66",NULL,"a418793f-5816-415d-97f8-d0e564016aa5"
"91e7eed1-dac3-4c80-bf75-5817d6eb98bd","2026-04-08 00:00:00","aaaa","rrrrr",NULL,"TENANT-20260116-0001","2026-04-08 08:28:24.471","2026-04-08 08:28:24.471",NULL,"66556575-dda4-4843-a5ba-aac44284dc69"
"921209c9-b68d-413d-9ce7-c8c54a08e05f","2021-04-05 00:00:00","Easter Monday","Public Holiday as part of Easter.","https://www.cmtedd.act.gov.au/communication/holidays","TENANT-20260116-0001","2026-03-10 07:00:36.66","2026-03-10 07:00:36.66",NULL,"a418793f-5816-415d-97f8-d0e564016aa5"
"922f2fa1-bf7e-44fd-9e45-2d78d5a8e662","2024-04-01 00:00:00","Easter Monday","Public Holiday as part of Easter.","https://www.cmtedd.act.gov.au/communication/holidays","TENANT-20260116-0001","2026-03-10 07:00:36.66","2026-03-10 07:00:36.66",NULL,"a418793f-5816-415d-97f8-d0e564016aa5"
"938e208c-2585-40e4-a9b6-147557679338","2022-06-13 00:00:00","Queen's Birthday / Volunteer's Day","Celebrated on second Monday in June except in Western Australia and Queensland.","https://www.safework.sa.gov.au/resources/public-holidays","TENANT-20260116-0001","2026-03-10 07:00:36.66","2026-03-10 07:00:36.66",NULL,"a418793f-5816-415d-97f8-d0e564016aa5"
"94a415c8-eaec-453c-b871-96cfe53ef2bc","2026-09-29 00:00:00","King's Birthday","This public holiday now known as the King's Birthday, was previously known as the Queen’s Birthday. Some regional areas in WA hold this public holiday on a different date - the 2024 dates are on the Regional WA public holiday dates page.","https://www.commerce.wa.gov.au/labour-relations/public-holidays-western-australia","TENANT-20260116-0001","2026-03-10 07:00:36.66","2026-03-10 07:00:36.66",NULL,"a418793f-5816-415d-97f8-d0e564016aa5"
"955ba486-e637-40b7-9850-8be625c88f18","2024-06-03 00:00:00","Western Australia Day","Held on the first Monday in June each year and is a state holiday only.","https://www.commerce.wa.gov.au/labour-relations/public-holidays-western-australia","TENANT-20260116-0001","2026-03-10 07:00:36.66","2026-03-10 07:00:36.66",NULL,"a418793f-5816-415d-97f8-d0e564016aa5"
"989fcd7b-2309-4d18-b956-d632bce08e99","2022-04-18 00:00:00","Easter Monday","Public Holiday as part of Easter.","https://www.cmtedd.act.gov.au/communication/holidays","TENANT-20260116-0001","2026-03-10 07:00:36.66","2026-03-10 07:00:36.66",NULL,"a418793f-5816-415d-97f8-d0e564016aa5"
"9b1a1872-4c1e-4948-ba0c-be03141acb4b","2023-03-06 00:00:00","Labour Day","Always on a Monday, creating a long weekend. It celebrates the eight-hour working day, a victory for workers in the mid-late 19th century.","https://www.commerce.wa.gov.au/labour-relations/public-holidays-western-australia","TENANT-20260116-0001","2026-03-10 07:00:36.66","2026-03-10 07:00:36.66",NULL,"a418793f-5816-415d-97f8-d0e564016aa5"
"9d886749-0d27-4a2e-b871-4f9c608cd6bf","2024-08-05 00:00:00","Bank Holiday","Applies to banks and certain financial institutions, per the Retail Trading Act 2008","https://www.nsw.gov.au/about-nsw/public-holidays","TENANT-20260116-0001","2026-03-10 07:00:36.66","2026-03-10 07:00:36.66",NULL,"a418793f-5816-415d-97f8-d0e564016aa5"
"9df6935c-8dbd-4d32-8879-c8ebfaf62afa","2026-03-16 18:30:00","SSSS","EEEEE",NULL,"TENANT-20260116-0001","2026-03-16 12:59:07.809","2026-03-16 12:59:07.809",NULL,"66556575-dda4-4843-a5ba-aac44284dc69"
"9fcf7d3f-8f91-4256-ae65-e3df6f22b62f","2026-12-31 00:00:00","New Year's Eve - part day holiday","Part day holiday - from 7pm to midnight only.","https://www.nt.gov.au/nt-public-holidays","TENANT-20260116-0001","2026-03-10 07:00:36.66","2026-03-10 07:00:36.66",NULL,"a418793f-5816-415d-97f8-d0e564016aa5"
"a1076f35-6d78-4abb-9087-4c47c7ad8951","2024-03-30 00:00:00","Easter Saturday - the day after Good Friday","Easter Saturday is between Good Friday and Easter Sunday in Australia.","https://www.cmtedd.act.gov.au/communication/holidays","TENANT-20260116-0001","2026-03-10 07:00:36.66","2026-03-10 07:00:36.66",NULL,"a418793f-5816-415d-97f8-d0e564016aa5"
"a1cebaac-d8df-42b9-8bbc-9b4674c5ecb7","2023-04-08 00:00:00","Easter Saturday","Easter Saturday is between Good Friday and Easter Sunday in Australia.","https://www.cmtedd.act.gov.au/communication/holidays","TENANT-20260116-0001","2026-03-10 07:00:36.66","2026-03-10 07:00:36.66",NULL,"a418793f-5816-415d-97f8-d0e564016aa5"
"a231391e-5973-4abc-b3d8-72c757290a7a","2021-03-07 18:30:00","Labour Day","Always 22222","https://www.business.vic.gov.au/victorian-public-holidays-and-daylight-saving/victorian-public-holidays-2021","TENANT-20260116-0001","2026-03-10 07:00:36.66","2026-03-18 06:09:53.171",NULL,"a418793f-5816-415d-97f8-d0e564016aa5"
"a47273a3-ddf0-4146-b156-2e9c6374ea69","2021-12-24 00:00:00","Christmas Eve  7pm - Midnight","Part-day public holiday from 7pm-12 midnight","https://www.safework.sa.gov.au/resources/public-holidays","TENANT-20260116-0001","2026-03-10 07:00:36.66","2026-03-10 07:00:36.66",NULL,"a418793f-5816-415d-97f8-d0e564016aa5"
"a489ea8d-66e1-4379-b60e-9a00ce6035d2","2026-01-27 00:00:00","Australia Day public holiday","","https://www.safework.sa.gov.au/resources/public-holidays","TENANT-20260116-0001","2026-03-10 07:00:36.66","2026-03-10 07:00:36.66",NULL,"a418793f-5816-415d-97f8-d0e564016aa5"
"a5646028-95ee-4fbc-b1c6-72e8fd180334","2024-05-06 00:00:00","May Day","Always on a Monday, creating a long weekend. It celebrates the eight-hour working day, a victory for workers in the mid-late 19th century.","https://nt.gov.au/nt-public-holidays","TENANT-20260116-0001","2026-03-10 07:00:36.66","2026-03-10 07:00:36.66",NULL,"a418793f-5816-415d-97f8-d0e564016aa5"
"a6e0fc3a-fdc1-454f-bab4-1207c0cccb18","2026-03-10 00:00:00","Canberra Day","Observed across the org","https://www.act.gov.au/living-in-the-act/public-holidays-school-terms-and-daylight-savings","TENANT-20260116-0001","2026-03-10 07:00:36.66","2026-03-18 09:10:06.774",NULL,"a418793f-5816-415d-97f8-d0e564016aa5"
"a8ed3ddd-4fee-40e3-84b3-d97ca93714d7","2022-03-07 00:00:00","Labour Day","Always on a Monday, creating a long weekend. It celebrates the eight-hour working day, a victory for workers in the mid-late 19th century.","https://www.commerce.wa.gov.au/labour-relations/public-holidays-western-australia","TENANT-20260116-0001","2026-03-10 07:00:36.66","2026-03-10 07:00:36.66",NULL,"a418793f-5816-415d-97f8-d0e564016aa5"
"abbf828b-44d3-4abf-9d96-9a47da3334db","2021-04-02 00:00:00","Founders Day11","Observed across the org","Offices closed","TENANT-20260116-0001","2026-03-18 08:17:33.195","2026-03-18 08:17:33.195",NULL,"66556575-dda4-4843-a5ba-aac44284dc69"
"acdef190-2a50-43bc-9247-ee698d151005","2026-04-19 00:00:00","Saturday before Easter Sunday","","https://business.vic.gov.au/business-information/public-holidays/victorian-public-holidays-2025","TENANT-20260116-0001","2026-03-10 07:00:36.66","2026-03-10 07:00:36.66",NULL,"a418793f-5816-415d-97f8-d0e564016aa5"
"af83b2d6-a1b8-4d0b-b6bd-71ad036896ab","2024-06-10 00:00:00","Sovereign's Birthday","Celebrated on second Monday in June except in Western Australia and Queensland.","https://www.cmtedd.act.gov.au/communication/holidays","TENANT-20260116-0001","2026-03-10 07:00:36.66","2026-03-10 07:00:36.66",NULL,"a418793f-5816-415d-97f8-d0e564016aa5"
"b0a8d2d1-0530-4e6c-ae34-17f314a2293a","2026-07-18 00:00:00","Katherine Show Day","Regional holiday - to find out which show day applies to your area, check the map of NT show day regions.","https://www.nt.gov.au/nt-public-holidays","TENANT-20260116-0001","2026-03-10 07:00:36.66","2026-03-10 07:00:36.66",NULL,"a418793f-5816-415d-97f8-d0e564016aa5"
"b0cfa512-e2ce-4978-9ec3-d4811d379b5c","2024-08-14 00:00:00","Royal Queensland Show (Brisbane only)","The Royal National Agricultural (RNA) Show Day (Brisbane only) is held on the Wednesday during the RNA Show period. The RNA Show commences on the first Friday in August, unless the first Friday is prior to 5 August, then it commences on the second Friday of August.","https://www.qld.gov.au/recreation/travel/holidays/public","TENANT-20260116-0001","2026-03-10 07:00:36.66","2026-03-10 07:00:36.66",NULL,"a418793f-5816-415d-97f8-d0e564016aa5"
"b34539d0-1424-417a-b387-4eca78564c1b","2023-03-13 00:00:00","Canberra Day","Held on the second Monday of March each year in Canberra to celebrate the naming ceremony of Australia's capital which took place on 12 March 1913.","https://www.cmtedd.act.gov.au/communication/holidays","TENANT-20260116-0001","2026-03-10 07:00:36.66","2026-03-10 07:00:36.66",NULL,"a418793f-5816-415d-97f8-d0e564016aa5"
"b5351862-627b-41e3-a846-96ba1759e5c1","2021-12-25 00:00:00","Christmas Day","Christmas Day is an annual holiday which celebrates the birth of Jesus Christ over 2000 years ago.","https://www.cmtedd.act.gov.au/communication/holidays","TENANT-20260116-0001","2026-03-10 07:00:36.66","2026-03-10 07:00:36.66",NULL,"a418793f-5816-415d-97f8-d0e564016aa5"
"b556a304-813e-4c56-9c6f-edec6fead4ad","2022-12-24 00:00:00","Christmas Eve 6pm - Midnight","Part day public holiday from 6pm to midnight","https://www.qld.gov.au/recreation/travel/holidays/public","TENANT-20260116-0001","2026-03-10 07:00:36.66","2026-03-10 07:00:36.66",NULL,"a418793f-5816-415d-97f8-d0e564016aa5"
"b67a6268-9c33-4c70-ad06-3b2f70809bc3","2021-12-28 00:00:00","Boxing Day (additional day)","As 26 December (Boxing Day) falls on a Sunday in 2021, there is an additional public holiday on the Tuesday.","https://www.cmtedd.act.gov.au/communication/holidays","TENANT-20260116-0001","2026-03-10 07:00:36.66","2026-03-10 07:00:36.66",NULL,"a418793f-5816-415d-97f8-d0e564016aa5"
"b740dece-3307-4f51-9a39-4419d220cd7a","2021-05-03 00:00:00","Labour Day","Always on a Monday, creating a long weekend. It celebrates the eight-hour working day, a victory for workers in the mid-late 19th century.","https://www.qld.gov.au/recreation/travel/holidays/public","TENANT-20260116-0001","2026-03-10 07:00:36.66","2026-03-10 07:00:36.66",NULL,"a418793f-5816-415d-97f8-d0e564016aa5"
"b7c68faf-a3db-4bcd-8efe-124d79beeb62","2021-04-25 00:00:00","Anzac Day","Celebrated on the 25 April each year.","https://www.nsw.gov.au/about-nsw/public-holidays","TENANT-20260116-0001","2026-03-10 07:00:36.66","2026-03-10 07:00:36.66",NULL,"a418793f-5816-415d-97f8-d0e564016aa5"
"ba352e56-0f60-4eb6-90bc-fd3d0c69d502","2024-04-25 00:00:00","Anzac Day","Celebrated on the 25 April each year.","https://www.cmtedd.act.gov.au/communication/holidays","TENANT-20260116-0001","2026-03-10 07:00:36.66","2026-03-10 07:00:36.66",NULL,"a418793f-5816-415d-97f8-d0e564016aa5"
"bc95f909-11ff-4ef7-bb4d-96a1ad491797","2021-04-04 00:00:00","Easter Sunday","Public Holiday as part of Easter.","https://www.cmtedd.act.gov.au/communication/holidays","TENANT-20260116-0001","2026-03-10 07:00:36.66","2026-03-10 07:00:36.66",NULL,"a418793f-5816-415d-97f8-d0e564016aa5"
"c00585c4-20e6-4d63-9ae6-b04bc2202eab","2022-08-01 00:00:00","Bank Holiday","Applies to banks and certain financial institutions, per the Retail Trading Act 2008","https://www.nsw.gov.au/about-nsw/public-holidays","TENANT-20260116-0001","2026-03-10 07:00:36.66","2026-03-10 07:00:36.66",NULL,"a418793f-5816-415d-97f8-d0e564016aa5"
"c0168068-696f-4089-98de-49f58102b72e","2026-10-06 00:00:00","Labour Day","","https://www.act.gov.au/living-in-the-act/public-holidays-school-terms-and-daylight-savings","TENANT-20260116-0001","2026-03-10 07:00:36.66","2026-03-10 07:00:36.66",NULL,"a418793f-5816-415d-97f8-d0e564016aa5"
"c10f9161-8f67-46c5-a093-4f8595be4ca8","2022-12-26 00:00:00","Boxing Day","Boxing Day occurs the day after Christmas. Sydney-to-Hobart yacht race and Boxing Day Test Match (Cricket) start on this day.","https://www.cmtedd.act.gov.au/communication/holidays","TENANT-20260116-0001","2026-03-10 07:00:36.66","2026-03-10 07:00:36.66",NULL,"a418793f-5816-415d-97f8-d0e564016aa5"
"c198ec71-fbee-4bdc-8b10-a6a534648565","2022-01-03 00:00:00","New Year's Day","New Year's Day is the first day of the calendar year and is celebrated each January 1st","https://nt.gov.au/nt-public-holidays","TENANT-20260116-0001","2026-03-10 07:00:36.66","2026-03-10 07:00:36.66",NULL,"a418793f-5816-415d-97f8-d0e564016aa5"
"c2a4b17c-febc-4efc-973e-af8fba39292a","2021-04-02 18:30:00","Easter Saturday","Easter Saturday is",NULL,"TENANT-20260116-0001","2026-03-16 12:59:18.987","2026-03-16 12:59:18.987",NULL,"66556575-dda4-4843-a5ba-aac44284dc69"
"c57433e8-c483-450c-af53-0366128bf9e7","2022-04-19 00:00:00","Easter Tuesday","Public Holiday currently observed by certain awards/agreements and the State Public Service","https://worksafe.tas.gov.au/topics/laws-and-compliance/public-holidays","TENANT-20260116-0001","2026-03-10 07:00:36.66","2026-03-10 07:00:36.66",NULL,"a418793f-5816-415d-97f8-d0e564016aa5"
"c8279802-2df9-45ff-8536-df615ba10e42","2021-12-27 00:00:00","Christmas (additional day)","As 25 December (Christmas Day) falls on a Saturday in 2021, there is an additional public holiday on the Monday.","https://www.cmtedd.act.gov.au/communication/holidays","TENANT-20260116-0001","2026-03-10 07:00:36.66","2026-03-10 07:00:36.66",NULL,"a418793f-5816-415d-97f8-d0e564016aa5"
"c9069c6d-6387-430d-976d-e672906b054d","2026-03-10 00:00:00","Adelaide Cup Day","Observed across the org","Offices closed","TENANT-20260116-0001","2026-03-10 07:00:36.66","2026-03-18 09:40:16",NULL,"a418793f-5816-415d-97f8-d0e564016aa5"
"c9b27d19-74cc-4d4a-9c7a-8288361c0ca3","2021-04-03 00:00:00","Easter Saturday","Easter Saturday is between Good Friday and Easter Sunday in Australia.","https://www.cmtedd.act.gov.au/communication/holidays","TENANT-20260116-0001","2026-03-10 07:00:36.66","2026-03-10 07:00:36.66",NULL,"a418793f-5816-415d-97f8-d0e564016aa5"
"ca9b532f-8dee-46f0-8b71-a6b2964d57bd","2026-03-10 00:00:00","Eight Hours Day","Observed across the org","Offices closed","TENANT-20260116-0001","2026-03-10 07:00:36.66","2026-03-18 09:40:32.663",NULL,"a418793f-5816-415d-97f8-d0e564016aa5"
"cb6ce271-6072-4758-a3d4-6ebcbdeb6e6a","2026-11-04 00:00:00","Melbourne Cup","Melbourne Cup Day is a public holiday across all of Victoria unless alternate local holiday has been arranged by a non-metro council.","https://business.vic.gov.au/business-information/public-holidays/victorian-public-holidays-2025","TENANT-20260116-0001","2026-03-10 07:00:36.66","2026-03-10 07:00:36.66",NULL,"a418793f-5816-415d-97f8-d0e564016aa5"
"ce475c9b-76ec-4a8d-a275-8eacfbd07cc9","2023-03-13 00:00:00","Labour Day","Always on a Monday, creating a long weekend. It celebrates the eight-hour working day, a victory for workers in the mid-late 19th century.","https://business.vic.gov.au/business-information/public-holidays","TENANT-20260116-0001","2026-03-10 07:00:36.66","2026-03-10 07:00:36.66",NULL,"a418793f-5816-415d-97f8-d0e564016aa5"
"cec5e9de-6c60-4a7e-8d9f-f8c92a957f38","2024-05-06 00:00:00","Labour Day","Always on a Monday creating a long weekend. It celebrates the eight-hour working day a victory for workers in the mid-late 19th century.","https://www.qld.gov.au/recreation/travel/holidays/public","TENANT-20260116-0001","2026-03-10 07:00:36.66","2026-03-10 07:00:36.66",NULL,"a418793f-5816-415d-97f8-d0e564016aa5"
"d001499a-a71a-4b49-8a25-a7996b1c75e3","2023-11-07 00:00:00","Melbourne Cup","All of Victoria unless alternate local holiday has been arranged by non-metro council.","https://business.vic.gov.au/business-information/public-holidays","TENANT-20260116-0001","2026-03-10 07:00:36.66","2026-03-10 07:00:36.66",NULL,"a418793f-5816-415d-97f8-d0e564016aa5"
"d05f129f-c065-4792-b7ea-4bfab6211696","2023-05-01 00:00:00","Labour Day","Always on a Monday creating a long weekend. It celebrates the eight-hour working day a victory for workers in the mid-late 19th century.","https://www.qld.gov.au/recreation/travel/holidays/public","TENANT-20260116-0001","2026-03-10 07:00:36.66","2026-03-10 07:00:36.66",NULL,"a418793f-5816-415d-97f8-d0e564016aa5"
"d44956bb-0f86-46e9-a98c-e5ea0618a3f0","2024-12-31 00:00:00","New Year's Eve","Part-day holiday 7pm to midnight","https://nt.gov.au/nt-public-holidays","TENANT-20260116-0001","2026-03-10 07:00:36.66","2026-03-10 07:00:36.66",NULL,"a418793f-5816-415d-97f8-d0e564016aa5"
"d4a82990-c215-4343-a31d-3d14faa40391","2026-12-26 00:00:00","Proclamation Day holiday and Boxing Day","","https://www.safework.sa.gov.au/resources/public-holidays","TENANT-20260116-0001","2026-03-10 07:00:36.66","2026-03-10 07:00:36.66",NULL,"a418793f-5816-415d-97f8-d0e564016aa5"
"d4fe0dd2-5ec2-45ce-9220-5b5e5337a0d8","2022-06-13 00:00:00","Queen's Birthday","Celebrated on second Monday in June except in Western Australia and Queensland.","https://www.cmtedd.act.gov.au/communication/holidays","TENANT-20260116-0001","2026-03-10 07:00:36.66","2026-03-10 07:00:36.66",NULL,"a418793f-5816-415d-97f8-d0e564016aa5"
"d83b24ea-a2b7-4179-9b6e-8fc5d8180131","2021-12-24 00:00:00","Christmas Eve 6pm - Midnight","Part day public holiday from 6pm to midnight","https://www.qld.gov.au/recreation/travel/holidays/public","TENANT-20260116-0001","2026-03-10 07:00:36.66","2026-03-10 07:00:36.66",NULL,"a418793f-5816-415d-97f8-d0e564016aa5"
"d90d54f4-c5e3-42de-8771-325b98a43659","2026-10-06 00:00:00","King's Birthday","Labour Day public holiday is to be observed on the first Monday in May and the Birthday of the Sovereign (King's Birthday) public holiday is to be observed on the first Monday in October. These arrangements have been in place since 2016 following amendments to the Holidays Act 1983 (passed by Parliament on 13 October 2015).","https://www.qld.gov.au/recreation/travel/holidays/public","TENANT-20260116-0001","2026-03-10 07:00:36.66","2026-03-10 07:00:36.66",NULL,"a418793f-5816-415d-97f8-d0e564016aa5"
"d943dcdb-35ef-4fb5-83aa-83a0e436dc7e","2026-04-19 00:00:00","Easter Saturday - the day after Good Friday","","https://www.act.gov.au/living-in-the-act/public-holidays-school-terms-and-daylight-savings","TENANT-20260116-0001","2026-03-10 07:00:36.66","2026-03-10 07:00:36.66",NULL,"a418793f-5816-415d-97f8-d0e564016aa5"
"d94a7a45-9e6b-4d18-93dd-3314c0d19eb2","2026-12-24 00:00:00","Christmas Eve: 7pm to midnight","","https://www.safework.sa.gov.au/resources/public-holidays","TENANT-20260116-0001","2026-03-10 07:00:36.66","2026-03-10 07:00:36.66",NULL,"a418793f-5816-415d-97f8-d0e564016aa5"
"d9865d83-7b57-4242-9f7d-260ac561ad04","2021-05-03 00:00:00","May Day","Always on a Monday, creating a long weekend. It celebrates the eight-hour working day, a victory for workers in the mid-late 19th century.","https://nt.gov.au/nt-public-holidays","TENANT-20260116-0001","2026-03-10 07:00:36.66","2026-03-10 07:00:36.66",NULL,"a418793f-5816-415d-97f8-d0e564016aa5"
"d9a1888d-c47d-46e6-b33e-a9fec4484828","2021-12-31 00:00:00","New Year's Eve 7pm - Midnight","Part-day public holiday from 7pm-12 midnight","https://nt.gov.au/nt-public-holidays","TENANT-20260116-0001","2026-03-10 07:00:36.66","2026-03-10 07:00:36.66",NULL,"a418793f-5816-415d-97f8-d0e564016aa5"
"dbb372eb-6a90-4e3b-abab-da31bb9b66ad","2023-12-31 00:00:00","New Year's Eve","Part-day holiday 7pm to midnight","https://nt.gov.au/nt-public-holidays","TENANT-20260116-0001","2026-03-10 07:00:36.66","2026-03-10 07:00:36.66",NULL,"a418793f-5816-415d-97f8-d0e564016aa5"
"dee263fe-93d3-43ac-9c49-610d5cbc1f19","2023-04-25 00:00:00","Anzac Day","Celebrated on the 25 April each year.","https://www.cmtedd.act.gov.au/communication/holidays","TENANT-20260116-0001","2026-03-10 07:00:36.66","2026-03-10 07:00:36.66",NULL,"a418793f-5816-415d-97f8-d0e564016aa5"
"df8ce01b-9b72-4a6c-ae1e-43acba589869","2026-06-09 00:00:00","Kings Birthday","","https://www.safework.sa.gov.au/resources/public-holidays","TENANT-20260116-0001","2026-03-10 07:00:36.66","2026-03-10 07:00:36.66",NULL,"a418793f-5816-415d-97f8-d0e564016aa5"
"e1342603-6150-4ba2-ad2c-e725f6a49695","2021-04-06 00:00:00","Easter Tuesday","Public Holiday currently observed by certain awards/agreements and the State Public Service","https://worksafe.tas.gov.au/topics/laws-and-compliance/public-holidays","TENANT-20260116-0001","2026-03-10 07:00:36.66","2026-03-10 07:00:36.66",NULL,"a418793f-5816-415d-97f8-d0e564016aa5"
"e146ae50-2fbb-4da5-9de7-307b5859459f","2024-03-11 00:00:00","Labour Day","Always on a Monday, creating a long weekend. It celebrates the eight-hour working day, a victory for workers in the mid-late 19th century.","https://business.vic.gov.au/business-information/public-holidays","TENANT-20260116-0001","2026-03-10 07:00:36.66","2026-03-10 07:00:36.66",NULL,"a418793f-5816-415d-97f8-d0e564016aa5"
"e350039a-dc42-4c88-8196-9d9a1f38a77d","2022-09-26 00:00:00","Queen's Birthday","Celebrated on second Monday in June except in Western Australia and Queensland.","https://www.commerce.wa.gov.au/labour-relations/public-holidays-western-australia","TENANT-20260116-0001","2026-03-10 07:00:36.66","2026-03-10 07:00:36.66",NULL,"a418793f-5816-415d-97f8-d0e564016aa5"
"e5dc40f4-de84-4a73-ac88-7c900d9703c5","2026-08-04 00:00:00","Bank Holiday","Applies to banks and certain financial institutions, see the Retail Trading Act 2008.","https://www.nsw.gov.au/about-nsw/public-holidays","TENANT-20260116-0001","2026-03-10 07:00:36.66","2026-03-10 07:00:36.66",NULL,"a418793f-5816-415d-97f8-d0e564016aa5"
"e74deafb-9f90-4d1d-bdf1-948ec31ee0ff","2026-01-01 00:00:00","New Year's Day","","https://www.act.gov.au/living-in-the-act/public-holidays-school-terms-and-daylight-savings","TENANT-20260116-0001","2026-03-10 07:00:36.66","2026-03-10 07:00:36.66",NULL,"a418793f-5816-415d-97f8-d0e564016aa5"
"e87fbd43-338b-47c6-bd02-6402c9e6fd5a","2023-12-26 00:00:00","Boxing Day / Proclamation Day","Boxing Day occurs the day after Christmas. Sydney-to-Hobart yacht race and Boxing Day Test Match (Cricket) start on this day.","https://www.safework.sa.gov.au/resources/public-holidays","TENANT-20260116-0001","2026-03-10 07:00:36.66","2026-03-10 07:00:36.66",NULL,"a418793f-5816-415d-97f8-d0e564016aa5"
"e8c29fb5-c262-4f05-ab40-559ac060a2c3","2023-08-07 00:00:00","Bank Holiday","Applies to banks and certain financial institutions, per the Retail Trading Act 2008","https://www.nsw.gov.au/about-nsw/public-holidays","TENANT-20260116-0001","2026-03-10 07:00:36.66","2026-03-10 07:00:36.66",NULL,"a418793f-5816-415d-97f8-d0e564016aa5"
"ead159c9-d18e-4f9e-b9ef-48d448e082f1","2023-12-25 00:00:00","Christmas Day","Christmas Day is an annual holiday which celebrates the birth of Jesus Christ over 2000 years ago.","https://www.cmtedd.act.gov.au/communication/holidays","TENANT-20260116-0001","2026-03-10 07:00:36.66","2026-03-10 07:00:36.66",NULL,"a418793f-5816-415d-97f8-d0e564016aa5"
"ec8759d7-33a1-4f2b-81e6-a07ffe4fcbfe","2021-04-03 00:00:00","The Day after Good Friday","Easter Saturday is between Good Friday and Easter Sunday in Australia.","https://www.qld.gov.au/recreation/travel/holidays/public","TENANT-20260116-0001","2026-03-10 07:00:36.66","2026-03-10 07:00:36.66",NULL,"a418793f-5816-415d-97f8-d0e564016aa5"
"eced27bd-a8fc-4372-8a2d-47c353219ef3","2022-12-27 00:00:00","Christmas (additional day)","As 25 December (Christmas Day) falls on a Sunday in 2022, there is an additional public holiday on the Tuesday.","https://www.cmtedd.act.gov.au/communication/holidays","TENANT-20260116-0001","2026-03-10 07:00:36.66","2026-03-10 07:00:36.66",NULL,"a418793f-5816-415d-97f8-d0e564016aa5"
"ee326e44-dbde-43ea-aa9d-e7f02a256856","2022-12-25 00:00:00","Christmas Day","Christmas Day is an annual holiday which celebrates the birth of Jesus Christ over 2000 years ago.","https://www.cmtedd.act.gov.au/communication/holidays","TENANT-20260116-0001","2026-03-10 07:00:36.66","2026-03-10 07:00:36.66",NULL,"a418793f-5816-415d-97f8-d0e564016aa5"
"ee9977dc-2260-43f3-9ee9-067f2119a1ba","2026-04-13 00:00:00","ttt","aaa",NULL,"TENANT-20260116-0001","2026-04-13 08:16:37.957","2026-04-13 08:16:37.957",NULL,"66556575-dda4-4843-a5ba-aac44284dc69"
"ef452a66-2924-44d8-a1d0-250fc265a4d0","2024-03-11 00:00:00","Canberra Day","Held on the second Monday of March each year in Canberra to celebrate the naming ceremony of Australia's capital which took place on 12 March 1913.","https://www.cmtedd.act.gov.au/communication/holidays","TENANT-20260116-0001","2026-03-10 07:00:36.66","2026-03-10 07:00:36.66",NULL,"a418793f-5816-415d-97f8-d0e564016aa5"
"f02ae23c-b16d-473e-95e4-7c88d3567da8","2022-09-23 00:00:00","Friday before the AFL Grand Final","Friday before the AFL Grand Final","https://www.business.vic.gov.au/victorian-public-holidays-and-daylight-saving/victorian-public-holidays-2022","TENANT-20260116-0001","2026-03-10 07:00:36.66","2026-03-10 07:00:36.66",NULL,"a418793f-5816-415d-97f8-d0e564016aa5"
"f179858b-13d1-4a1f-86e9-1afc4cc49179","2024-10-07 00:00:00","Labour Day","Always on a Monday creating a long weekend. It celebrates the eight-hour working day a victory for workers in the mid-late 19th century.","https://www.cmtedd.act.gov.au/communication/holidays","TENANT-20260116-0001","2026-03-10 07:00:36.66","2026-03-10 07:00:36.66",NULL,"a418793f-5816-415d-97f8-d0e564016aa5"
"f1c32c3c-c68b-4512-ade9-89882e244999","2026-12-24 00:00:00","Christmas Eve (24 December) 6pm - midnight","From 2019, the Holidays Act 1983 provides for a part-day public holiday from 6pm to midnight on Christmas Eve (24 December).","https://www.qld.gov.au/recreation/travel/holidays/public","TENANT-20260116-0001","2026-03-10 07:00:36.66","2026-03-10 07:00:36.66",NULL,"a418793f-5816-415d-97f8-d0e564016aa5"
"f22da3d5-6033-441d-b14f-6d54f2f9762b","2026-03-18 00:00:00","Founders 4","Observed across the org","Offices closed","TENANT-20260116-0001","2026-03-18 10:02:42.308","2026-03-18 10:02:42.308",NULL,"66556575-dda4-4843-a5ba-aac44284dc69"
"f2411471-a039-4f5f-aa31-a3c307b99cd7","2023-08-16 00:00:00","Royal Queensland Show (Brisbane only)","The Royal National Agricultural (RNA) Show Day (Brisbane only) is held on the Wednesday during the RNA Show period. The RNA Show commences on the first Friday in August, unless the first Friday is prior to 5 August, then it commences on the second Friday of August.","https://www.qld.gov.au/recreation/travel/holidays/public","TENANT-20260116-0001","2026-03-10 07:00:36.66","2026-03-10 07:00:36.66",NULL,"a418793f-5816-415d-97f8-d0e564016aa5"
"f2ea4953-ac63-4b5f-9ec6-2eb5815a7443","2022-03-14 00:00:00","Canberra Day","Held on the second Monday of March each year in Canberra to celebrate the naming ceremony of Australia's capital which took place on 12 March 1913.","https://www.cmtedd.act.gov.au/communication/holidays","TENANT-20260116-0001","2026-03-10 07:00:36.66","2026-03-10 07:00:36.66",NULL,"a418793f-5816-415d-97f8-d0e564016aa5"
"f3038e49-5c6a-4393-ad9e-3fa5f6c56b30","2021-11-02 00:00:00","Melbourne Cup","All of Victoria unless alternate local holiday has been arranged by non-metro council.","https://www.business.vic.gov.au/victorian-public-holidays-and-daylight-saving/victorian-public-holidays-2021","TENANT-20260116-0001","2026-03-10 07:00:36.66","2026-03-10 07:00:36.66",NULL,"a418793f-5816-415d-97f8-d0e564016aa5"
"f62f8bc2-1cec-4d00-bbae-fd56fd6ef922","2023-04-10 00:00:00","Easter Monday","Public Holiday as part of Easter.","https://www.cmtedd.act.gov.au/communication/holidays","TENANT-20260116-0001","2026-03-10 07:00:36.66","2026-03-10 07:00:36.66",NULL,"a418793f-5816-415d-97f8-d0e564016aa5"
"f7e9ec82-e69b-49c2-a222-be26063de531","2023-04-07 00:00:00","Good Friday","Easter is celebrated with Good Friday and Easter Monday creating a 4 day long weekend.","https://www.cmtedd.act.gov.au/communication/holidays","TENANT-20260116-0001","2026-03-10 07:00:36.66","2026-03-10 07:00:36.66",NULL,"a418793f-5816-415d-97f8-d0e564016aa5"
"f7fbf414-6fb9-4104-803a-dbb6851e66c6","2026-04-22 00:00:00","Easter Tuesday - generally Tasmanian Public Service only","","https://worksafe.tas.gov.au/topics/laws-and-compliance/public-holidays","TENANT-20260116-0001","2026-03-10 07:00:36.66","2026-03-10 07:00:36.66",NULL,"a418793f-5816-415d-97f8-d0e564016aa5"
"fb6a7d48-888b-4bc0-83b6-67dd9cc627e0","2021-08-02 00:00:00","Bank Holiday","Applies to banks and certain financial institutions, per the Retail Trading Act 2008","https://www.nsw.gov.au/about-nsw/public-holidays","TENANT-20260116-0001","2026-03-10 07:00:36.66","2026-03-10 07:00:36.66",NULL,"a418793f-5816-415d-97f8-d0e564016aa5"
"fb8b457b-8e22-4d12-a20d-049c160ccb75","2026-04-25 00:00:00","Anzac Day","","https://www.nsw.gov.au/about-nsw/public-holidays","TENANT-20260116-0001","2026-03-10 07:00:36.66","2026-03-10 07:00:36.66",NULL,"a418793f-5816-415d-97f8-d0e564016aa5"
"fc01b879-b169-4101-8d96-39c3238787a0","2026-07-25 00:00:00","Darwin Show Day","Regional holiday - to find out which show day applies to your area, check the map of NT show day regions.","https://www.nt.gov.au/nt-public-holidays","TENANT-20260116-0001","2026-03-10 07:00:36.66","2026-03-10 07:00:36.66",NULL,"a418793f-5816-415d-97f8-d0e564016aa5"
"fca58338-0c58-4879-aef6-4f76c74522b5","2023-09-29 00:00:00","Friday before the AFL Grand Final","Friday before the AFL Grand Final","https://business.vic.gov.au/business-information/public-holidays","TENANT-20260116-0001","2026-03-10 07:00:36.66","2026-03-10 07:00:36.66",NULL,"a418793f-5816-415d-97f8-d0e564016aa5"
"fd5d59f4-6fea-4ac8-a386-912f79ab6221","2023-03-13 00:00:00","Adelaide Cup Day","The Holidays Act 1910 provides for the third Monday in May to be a public holiday, through the issuing of a special Proclamation by the Governor.","https://www.safework.sa.gov.au/resources/public-holidays","TENANT-20260116-0001","2026-03-10 07:00:36.66","2026-03-10 07:00:36.66",NULL,"a418793f-5816-415d-97f8-d0e564016aa5"
"ffa34350-2002-4078-83ac-d22ce4e696da","2026-08-13 00:00:00","Royal Queensland Show (Brisbane area only)","The Royal National Agricultural (RNA) Show Day (Brisbane only) is held on the Wednesday during the RNA Show period. The RNA Show commences on the first Friday in August, unless the first Friday is prior to 5 August, then it commences on the second Friday of August.","https://www.qld.gov.au/recreation/travel/holidays/public","TENANT-20260116-0001","2026-03-10 07:00:36.66","2026-03-10 07:00:36.66",NULL,"a418793f-5816-415d-97f8-d0e564016aa5"
